date,killed,city,state,lat,lon
2013-01-05T00:00:00.000Z,4,Aurora,CO,41.7571701,-88.3147539
2013-01-07T00:00:00.000Z,4,Tulsa,OK,36.1563122,-95.9927516
2013-01-07T00:00:00.000Z,3,Dinwiddie,VA,37.0712818,-77.6480714
2013-01-10T00:00:00.000Z,3,New Orleans,LA,29.9759983,-90.0782127
2013-01-19T00:00:00.000Z,5,Albuquerque,NM,35.0841034,-106.650985
2013-01-30T00:00:00.000Z,3,Phoenix,AZ,33.4484367,-112.074141
2013-02-06T00:00:00.000Z,3,Denver,CO,39.7392364,-104.984862
2013-02-11T00:00:00.000Z,3,Wilmington,DE,39.7459468,-75.546589
2013-02-12T00:00:00.000Z,3,Midvale,UT,40.6149174,-111.9106607
2013-02-19T00:00:00.000Z,4,Tustin,CA,33.7458511,-117.826166
2013-03-13T00:00:00.000Z,5,Herkimer,NY,43.4911326,-74.9481252
2013-03-14T00:00:00.000Z,4,Mesquite,TX,32.7666103,-96.599472
2013-03-20T00:00:00.000Z,3,Jefferson County,AL,29.834772,-94.1704496
2013-03-31T00:00:00.000Z,3,Auburn,WA,32.6098566,-85.4807825
2013-04-18T00:00:00.000Z,4,Akron,OH,41.083064,-81.518485
2013-04-22T00:00:00.000Z,5,Federal Way,WA,47.313494,-122.33931
2013-04-24T00:00:00.000Z,6,Manchester,IL,42.9956397,-71.4547891
2013-04-28T00:00:00.000Z,4,Ottawa,KS,41.5421375,-83.213342
2013-05-08T00:00:00.000Z,4,Hendersonville,NC,35.3187279,-82.4609528
2013-05-10T00:00:00.000Z,3,Los Angeles,CA,34.0536909,-118.242766
2013-05-11T00:00:00.000Z,4,Waynesville,IN,35.4887476,-82.9888725
2013-05-15T00:00:00.000Z,5,Fernley,NV,39.6048048,-119.2404748
2013-05-21T00:00:00.000Z,4,Herndon,VA,39.909726,-100.785153
2013-05-28T00:00:00.000Z,5,Sells,AZ,31.9159161,-111.878044
2013-06-07T00:00:00.000Z,6,Santa Monica,CA,34.0194704,-118.491227
2013-06-11T00:00:00.000Z,4,Darien,IL,41.0787079,-73.4692873
2013-06-12T00:00:00.000Z,4,St. Louis,MO,38.6280278,-90.1910154
2013-06-19T00:00:00.000Z,3,Louisville,KY,38.2542376,-85.759407
2013-06-29T00:00:00.000Z,3,North Charleston,SC,32.8546197,-79.9748103
2013-07-01T00:00:00.000Z,4,Fort Worth,TX,32.753177,-97.3327459
2013-07-17T00:00:00.000Z,3,Oakland,CA,37.8044557,-122.271356
2013-07-26T00:00:00.000Z,4,Clarksburg,WV,39.2806451,-80.3445341
2013-07-26T00:00:00.000Z,7,Hialea,FL,39.0973088,-84.3724083
2013-08-02T00:00:00.000Z,4,Whitesburg,KY,37.1184318,-82.8268265
2013-08-04T00:00:00.000Z,3,Salinas,CA,36.6744117,-121.655037
2013-08-05T00:00:00.000Z,3,Ross Township,PA,40.5419843,-80.0114344
2013-08-07T00:00:00.000Z,4,Dallas,TX,32.7762719,-96.7968559
2013-08-20T00:00:00.000Z,4,Oklahoma City,OK,35.4729886,-97.5170536
2013-08-25T00:00:00.000Z,3,Lake Butler,FL,30.0227391,-82.3395574
2013-09-11T00:00:00.000Z,4,Renegade Mountain,TN,35.8878904,-84.86479571462544
2013-09-15T00:00:00.000Z,3,Snellville,GA,33.857328,-84.0199108
2013-09-16T00:00:00.000Z,13,Washington,DC,38.8950368,-77.0365427
2013-09-20T00:00:00.000Z,5,Rice,TX,44.3413376,-93.2865484
2013-09-22T00:00:00.000Z,3,Muskegon,MI,43.2341813,-86.2483921
2013-09-27T00:00:00.000Z,4,Ashville,PA,33.8369216,-86.2549799
2013-10-02T00:00:00.000Z,4,Double Springs,AL,34.1464916,-87.4022386
2013-10-08T00:00:00.000Z,4,Paris,TX,33.6617962,-95.555513
2013-10-26T00:00:00.000Z,5,Phoenix,AZ,33.4484367,-112.074141
2013-10-28T00:00:00.000Z,5,Terrell,TX,30.1990738,-102.0974881
2013-10-29T00:00:00.000Z,6,Callison,SC,34.0145697,-82.1256771
2013-11-05T00:00:00.000Z,3,Detroit,MI,42.3315509,-83.0466403
2013-11-07T00:00:00.000Z,4,Jacksonville,FL,30.3321838,-81.655651
2013-11-10T00:00:00.000Z,4,Brooklyn,NY,40.6526006,-73.9497211
2013-11-12T00:00:00.000Z,4,Phoenix,AZ,33.4484367,-112.074141
2013-11-20T00:00:00.000Z,3,Houston,TX,29.7589382,-95.3676974
2013-11-20T00:00:00.000Z,3,Miami,FL,25.7741728,-80.19362
2013-11-23T00:00:00.000Z,4,Tulsa,OK,36.1563122,-95.9927516
2013-11-23T00:00:00.000Z,4,Parsons,KS,37.3407838,-95.2596295
2013-12-01T00:00:00.000Z,4,Topeka,KS,39.049011,-95.677556
2013-12-03T00:00:00.000Z,4,Alma,AL,39.016666,-96.289162
2013-12-03T00:00:00.000Z,4,Erwin,TN,42.1316746,-77.1411609
2013-12-08T00:00:00.000Z,4,Manchester,CT,42.9956397,-71.4547891
2013-12-25T00:00:00.000Z,3,Irvington,NJ,38.4391517,-89.1627456
2013-12-26T00:00:00.000Z,4,Raceland,LA,38.5399754,-82.7283275
2013-12-30T00:00:00.000Z,4,Pleasant Valley,NY,39.4553636,-80.1417454
2013-12-31T00:00:00.000Z,4,Fontana,CA,34.0922335,-117.435048
2014-01-16T00:00:00.000Z,5,Spanish Fork,UT,40.1150133,-111.6547774
2014-01-28T00:00:00.000Z,3,Baltimore,MD,39.2908816,-76.610759
2014-02-02T00:00:00.000Z,3,Franklin,IL,33.2002659,-95.2231752
2014-02-03T00:00:00.000Z,4,Cypress,TX,29.9691116,-95.6971686
2014-02-06T00:00:00.000Z,4,Defiance,OH,41.3203058,-84.5084835
2014-02-20T00:00:00.000Z,4,Alturas,Ca,41.487123,-120.542327
2014-02-24T00:00:00.000Z,4,Glade Spring,VA,36.791225,-81.7712324
2014-02-26T00:00:00.000Z,4,Oak Lawn,IL,41.7108662,-87.7581081
2014-03-05T00:00:00.000Z,3,Pelzer,SC,34.6423372,-82.4559598
2014-03-09T00:00:00.000Z,3,Fremont,OH,37.5482697,-121.988571
2014-03-16T00:00:00.000Z,3,Beaumont,TX,30.0860459,-94.1018461
2014-04-03T00:00:00.000Z,4,Kileen,TX,39.886217,-85.944678
2014-04-09T00:00:00.000Z,3,Lookout Valley,TN,35.0203529,-85.3660701
2014-05-03T00:00:00.000Z,4,Jonesboro,AR,35.8272257,-90.6949871
2014-05-09T00:00:00.000Z,4,Tampa,FL,27.9477595,-82.458444
2014-05-09T00:00:00.000Z,4,Pomona,CA,34.0553813,-117.7517496
2014-05-23T00:00:00.000Z,4,Santa Barbara,CA,34.4221319,-119.702667
2014-05-25T00:00:00.000Z,3,Myrtle Beach,SC,33.6956461,-78.8900409
2014-05-28T00:00:00.000Z,4,Mission Viejo,CA,33.5965685,-117.659405
2014-06-08T00:00:00.000Z,5,Las Vegas,NV,36.1672559,-115.148516
2014-06-08T00:00:00.000Z,5,San Carlos Park,FL,26.47327,-81.81759451422286
2014-06-09T00:00:00.000Z,3,Chicago,IL,41.8755616,-87.6244212
2014-06-13T00:00:00.000Z,3,Los Angeles,CA,34.0536909,-118.242766
2014-07-09T00:00:00.000Z,6,Houston,TX,29.7589382,-95.3676974
2014-07-12T00:00:00.000Z,3,Pasadena,CA,34.1476452,-118.1444779
2014-07-22T00:00:00.000Z,3,Moreno Valley,CA,33.937517,-117.2305944
2014-07-27T00:00:00.000Z,5,Saco,ME,35.4444022,-119.0923253
2014-07-31T00:00:00.000Z,3,Fayetteville,NC,36.0625843,-94.1574328
2014-08-02T00:00:00.000Z,3,Dallas,TX,32.7762719,-96.7968559
2014-08-03T00:00:00.000Z,5,Culpeper,VA,38.4912207,-77.9618216
2014-08-05T00:00:00.000Z,3,Fayetteville,NC,36.0625843,-94.1574328
2014-08-06T00:00:00.000Z,3,Bakersfield,CA,35.3738712,-119.0194639
2014-08-12T00:00:00.000Z,3,Cartersville,GA,34.1652304,-84.7997613
2014-08-26T00:00:00.000Z,4,Tulsa,OK,36.1563122,-95.9927516
2014-08-30T00:00:00.000Z,4,Elmhurst,IL,41.8994745,-87.9403418
2014-08-30T00:00:00.000Z,3,Brooksville,FL,28.5552719,-82.3878709
2014-09-01T00:00:00.000Z,4,Greenville,NC,34.851354,-82.3984882
2014-09-02T00:00:00.000Z,3,Kansas City,KS,39.100105,-94.5781416
2014-09-14T00:00:00.000Z,3,Corpus Christi,TX,27.7635302,-97.4033191
2014-09-18T00:00:00.000Z,8,Bell,FL,31.0081659,-97.4314413
2014-10-05T00:00:00.000Z,3,Jacksonville,FL,30.3321838,-81.655651
2014-10-08T00:00:00.000Z,4,Richmond,VA,37.5385087,-77.43428
2014-10-11T00:00:00.000Z,3,Stockton,CA,37.9577016,-121.2907796
2014-10-14T00:00:00.000Z,3,Peachtree Corners,GA,33.9701009,-84.2215869
2014-10-16T00:00:00.000Z,3,Port Orange,FL,29.101628050000002,-81.01059617608054
2014-10-24T00:00:00.000Z,5,Marysville,WA,48.0517429,-122.1768209
2014-10-26T00:00:00.000Z,4,Cadiz,KY,36.8650496,-87.835295
2014-11-15T00:00:00.000Z,3,Springfield,MO,39.7990175,-89.6439575
2014-11-19T00:00:00.000Z,4,Cleveland,OH,41.4996574,-81.6936772
2014-11-20T00:00:00.000Z,3,Tabernacle,NJ,31.4546729,-85.8687276
2014-11-22T00:00:00.000Z,4,Sisseton,SD,45.664557,-97.049791
2014-11-29T00:00:00.000Z,3,Atlanta,GA,33.7489924,-84.3902644
2014-12-01T00:00:00.000Z,5,Westover,WV,33.3495548,-86.5358159
2014-12-15T00:00:00.000Z,6,Montgomery County,PA,30.301949,-95.5065944
2014-12-20T00:00:00.000Z,4,Rockford,IL,42.2713945,-89.093966
2015-01-04T00:00:00.000Z,3,Dallas,TX,32.7762719,-96.7968559
2015-01-09T00:00:00.000Z,4,San Francisco,CA,37.7790262,-122.419906
2015-01-10T00:00:00.000Z,3,Moscow,ID,46.7323875,-117.0001651
2015-01-24T00:00:00.000Z,3,Omaha,NE,41.2587459,-95.9383758
2015-01-24T00:00:00.000Z,4,Queens,NY,40.7135078,-73.8283132
2015-01-29T00:00:00.000Z,4,Troup County,GA,33.0237625,-85.0254022
2015-02-04T00:00:00.000Z,4,King,NC,33.588178,-100.2178972
2015-02-05T00:00:00.000Z,3,Warrensville Heights,OH,41.43535,-81.514824
2015-02-07T00:00:00.000Z,5,Douglasville,GA,33.7514966,-84.7477136
2015-02-09T00:00:00.000Z,3,New Port Richey,FL,28.2441768,-82.7192671
2015-02-22T00:00:00.000Z,3,Habersham County,GA,34.6270741,-83.5016755
2015-02-22T00:00:00.000Z,4,Killeen,TX,31.1171441,-97.727796
2015-02-25T00:00:00.000Z,3,Houston,TX,29.7589382,-95.3676974
2015-02-27T00:00:00.000Z,8,Tyrone,MO,40.6705508,-78.2383479
2015-02-28T00:00:00.000Z,4,Tarboro,NC,35.8968236,-77.5358049
2015-02-28T00:00:00.000Z,3,Columbia,MO,34.0007493,-81.0343313
2015-03-03T00:00:00.000Z,3,Las Vegas,NV,36.1672559,-115.148516
2015-03-15T00:00:00.000Z,3,Houston County,AL,31.3378465,-95.390805
2015-03-17T00:00:00.000Z,3,Stockton,CA,37.9577016,-121.2907796
2015-03-24T00:00:00.000Z,4,Indianapolis,IN,39.7683331,-86.1583502
2015-03-30T00:00:00.000Z,4,Tulsa,OK,36.1563122,-95.9927516
2015-04-16T00:00:00.000Z,5,Phoenix,AZ,33.4484367,-112.074141
2015-05-03T00:00:00.000Z,4,Menasha,WI,44.2022293,-88.4465361
2015-05-12T00:00:00.000Z,5,Tucson,AZ,32.2228765,-110.9748477
2015-05-17T00:00:00.000Z,9,Waco,TX,31.549333,-97.1466695
2015-05-31T00:00:00.000Z,3,Cleveland,OH,41.4996574,-81.6936772
2015-06-03T00:00:00.000Z,3,Wyandanch,NY,40.7539878,-73.360398
2015-06-07T00:00:00.000Z,5,Deer Lodge,MT,46.0753795,-113.089332
2015-06-13T00:00:00.000Z,4,Columbus,OH,39.9622601,-83.0007065
2015-06-17T00:00:00.000Z,9,Charleston,SC,32.7884363,-79.9399309
2015-06-21T00:00:00.000Z,4,Roy,UT,41.1715361,-112.0273739
2015-06-23T00:00:00.000Z,3,Breaux Bridge,LA,30.2735323,-91.8992837
2015-06-27T00:00:00.000Z,4,Greenacres,FL,26.623679,-80.1253213
2015-07-05T00:00:00.000Z,4,Rock Hill,SC,34.9248667,-81.0250784
2015-07-07T00:00:00.000Z,3,Baltimore,MD,39.2908816,-76.610759
2015-07-12T00:00:00.000Z,3,Baton Rouge,LA,30.4507936,-91.1391153
2015-07-15T00:00:00.000Z,4,Holly Hill,SC,29.2435916,-81.0375555
2015-07-16T00:00:00.000Z,6,Chattanooga,TN,35.0457219,-85.3094883
2015-07-22T00:00:00.000Z,4,Forsyth County,GA,36.1476399,-80.2415712
2015-07-23T00:00:00.000Z,3,Lafayette,LA,30.2043259,-92.0298813
2015-08-07T00:00:00.000Z,4,Barre,VT,44.1969042,-72.5007458
2015-08-08T00:00:00.000Z,8,Houston,TX,29.7589382,-95.3676974
2015-08-19T00:00:00.000Z,3,Rochester,NY,43.157285,-77.615214
2015-08-21T00:00:00.000Z,3,Roswell,NM,34.02332,-84.360022
2015-08-26T00:00:00.000Z,3,Moneta,VA,37.1812537,-79.6172536
2015-08-29T00:00:00.000Z,3,Bristol,TN,41.7425538,-71.0856545
2015-09-01T00:00:00.000Z,4,Long Branch,NJ,40.3042778,-73.9923596
2015-09-08T00:00:00.000Z,4,Manson,WA,42.5291439,-94.5341421
2015-09-10T00:00:00.000Z,5,Greenwood,MN,37.8709542,-96.2471338
2015-09-13T00:00:00.000Z,4,Baker,LA,0.19541795,-176.47793588059142
2015-09-17T00:00:00.000Z,6,Platte,SD,39.3770348,-94.7716306
2015-09-29T00:00:00.000Z,3,Chicago,IL,41.8755616,-87.6244212
2015-10-01T00:00:00.000Z,10,Roseburg,OR,43.216505,-123.3417381
2015-10-01T00:00:00.000Z,3,Inglis,FL,29.0302514,-82.6687161
2015-10-31T00:00:00.000Z,4,Colorado Springs,CO,38.8339578,-104.825348
2015-11-02T00:00:00.000Z,4,Pendleton,SC,38.6914606,-84.3689142
2015-11-04T00:00:00.000Z,4,Oakland,ME,37.8044557,-122.271356
2015-11-13T00:00:00.000Z,4,Jacksonville,FL,30.3321838,-81.655651
2015-11-13T00:00:00.000Z,3,Southern Region,CA,34.0218833,-118.28586662125
2015-11-15T00:00:00.000Z,6,Anderson County,TX,31.7819242,-95.6258199
2015-11-16T00:00:00.000Z,3,Cherokee County,AL,31.8390826,-95.1791849
2015-11-23T00:00:00.000Z,4,Columbus,OH,39.9622601,-83.0007065
2015-11-27T00:00:00.000Z,3,Colorado Springs,CO,38.8339578,-104.825348
2015-12-02T00:00:00.000Z,16,San Bernardino,CA,34.8253019,-116.0833144
2015-12-31T00:00:00.000Z,4,Rowland Heights,CA,33.9761238,-117.905339
2016-01-06T00:00:00.000Z,3,Lakeland,FL,28.0394654,-81.9498042
2016-01-23T00:00:00.000Z,3,Crestview,FL,30.7621326,-86.5705084
2016-01-27T00:00:00.000Z,6,Chesapeake,VA,36.7183708,-76.2466798
2016-01-30T00:00:00.000Z,3,Glendale,AZ,34.1469416,-118.2478471
2016-02-06T00:00:00.000Z,4,Uvalde,TX,29.300357,-99.7733181
2016-02-18T00:00:00.000Z,3,South Salt Lake,UT,40.7074741,-111.88827
2016-02-19T00:00:00.000Z,4,Edgerton,MO,43.872468,-96.128637
2016-02-21T00:00:00.000Z,6,Kalamazoo,MI,42.291707,-85.5872286
2016-02-23T00:00:00.000Z,5,Glendale,AZ,34.1469416,-118.2478471
2016-02-25T00:00:00.000Z,4,Hesston,KS,38.1385315,-97.4314857
2016-02-25T00:00:00.000Z,5,Belfair,WA,30.4674124,-91.1459397
2016-03-07T00:00:00.000Z,5,Kansas City,KS,39.100105,-94.5781416
2016-03-09T00:00:00.000Z,6,Wilkinsburg,PA,40.4418068,-79.8819609
2016-03-20T00:00:00.000Z,4,Louisville,KY,38.2542376,-85.759407
2016-03-21T00:00:00.000Z,4,Sherman,TX,36.2452294,-101.8858689
2016-04-01T00:00:00.000Z,3,Albuquerque,NM,35.0841034,-106.650985
2016-04-11T00:00:00.000Z,4,Orange Co.,NY,33.7500378,-117.8704931
2016-04-17T00:00:00.000Z,3,Philadelphia,PA,39.9527237,-75.1635262
2016-04-19T00:00:00.000Z,4,Katy,TX,29.7857853,-95.8243956
2016-04-22T00:00:00.000Z,8,Piketon,OH,39.0681252,-83.0143443
2016-04-22T00:00:00.000Z,6,Appling,GA,31.7771435,-82.2996274
2016-04-23T00:00:00.000Z,3,Auburn,AL,32.6098566,-85.4807825
2016-04-27T00:00:00.000Z,3,Kilmichael,MS,33.439840000000004,-89.5670684113814
2016-05-03T00:00:00.000Z,4,Green Cove Springs,FL,29.9919779,-81.6781097
2016-05-06T00:00:00.000Z,3,Bethesda,MD,38.98127255,-77.12335871396549
2016-05-12T00:00:00.000Z,4,Chicago (Roseland),IL,41.7019787,-87.625881
2016-05-15T00:00:00.000Z,5,Moultrie,GA,39.6391442,-88.6087498
2016-05-17T00:00:00.000Z,3,Ravenel,SC,32.7632321,-80.2500986
2016-06-04T00:00:00.000Z,3,Denver,CO,39.7392364,-104.984862
2016-06-05T00:00:00.000Z,3,Phoenix,AZ,33.4484367,-112.074141
2016-06-05T00:00:00.000Z,3,Cape Coral,FL,26.6059432,-81.9806771
2016-06-11T00:00:00.000Z,3,Los Angeles (Panorama City),CA,34.2242902,-118.4453745
2016-06-11T00:00:00.000Z,5,Roswell,NM,34.02332,-84.360022
2016-06-12T00:00:00.000Z,50,Orlando,FL,28.5421109,-81.3790304
2016-06-13T00:00:00.000Z,3,College Park,GA,38.980666,-76.9369189
2016-06-22T00:00:00.000Z,3,Lacey,WA,47.0263876,-122.8072257
2016-06-24T00:00:00.000Z,3,District Heights,MD,38.8622077,-76.8815207
2016-06-27T00:00:00.000Z,3,Woodburn,OR,45.143731,-122.8553725
2016-06-29T00:00:00.000Z,5,Las Vegas,NV,36.1672559,-115.148516
2016-07-04T00:00:00.000Z,3,Houston,TX,29.7589382,-95.3676974
2016-07-07T00:00:00.000Z,5,Dallas,TX,32.7762719,-96.7968559
2016-07-11T00:00:00.000Z,3,St. Joseph (Berrien Co.),MI,42.1095808,-86.4799538
2016-07-14T00:00:00.000Z,3,Crosby,TX,33.5778818,-101.2855737
2016-07-15T00:00:00.000Z,3,Woodland,WA,38.6786109,-121.7733285
2016-07-17T00:00:00.000Z,4,Baton Rouge,LA,30.4507936,-91.1391153
2016-07-23T00:00:00.000Z,4,Bastrop,TX,30.0541116,-97.3887764
2016-07-30T00:00:00.000Z,3,Mukilteo,WA,47.9474034,-122.3036992
2016-07-30T00:00:00.000Z,4,Bridgeton,MO,38.7566055,-90.42352
2016-07-31T00:00:00.000Z,3,Miami-Dade Co,FL,25.6364246,-80.4989467
2016-08-18T00:00:00.000Z,3,Hermiston,OR,45.8404101,-119.28946
2016-08-20T00:00:00.000Z,6,Citronelle,AL,31.0937841,-88.234284
2016-08-29T00:00:00.000Z,4,Temecula,CA,33.4946353,-117.1473661
2016-09-09T00:00:00.000Z,4,Austin (Del Valle),TX,30.1776045,-97.61063121655137
2016-09-11T00:00:00.000Z,4,Fort Wayne,IN,41.0799898,-85.1386015
2016-09-12T00:00:00.000Z,3,Fort Wayne,IN,41.0799898,-85.1386015
2016-09-23T00:00:00.000Z,5,Burlington,WA,44.4761601,-73.212906
2016-09-30T00:00:00.000Z,3,Minneapolis,MN,44.9772995,-93.2654692
2016-10-01T00:00:00.000Z,4,Pembroke Twp.,IL,44.9177139,-67.8147412
2016-10-01T00:00:00.000Z,4,Bucksport,SC,44.60177,-68.79569136571041
2016-10-04T00:00:00.000Z,3,New Orleans,LA,29.9759983,-90.0782127
2016-10-15T00:00:00.000Z,4,Los Angeles,CA,34.0536909,-118.242766
2016-10-27T00:00:00.000Z,4,Henry Co.,GA,41.3418549,-90.1177442
2016-11-03T00:00:00.000Z,3,Chicago,IL,41.8755616,-87.6244212
2016-11-10T00:00:00.000Z,4,Canonsburg,PA,40.2625702,-80.1872797
2016-11-10T00:00:00.000Z,4,Amarillo,TX,35.2072185,-101.833824
2016-11-13T00:00:00.000Z,3,Jacksonville,FL,30.3321838,-81.655651
2016-11-13T00:00:00.000Z,3,San Diego,CA,32.7174202,-117.1627728
2016-11-17T00:00:00.000Z,4,Williamsburg,VA,37.2708788,-76.7074042
2016-12-05T00:00:00.000Z,4,Albuquerque,NM,35.0841034,-106.650985
2016-12-09T00:00:00.000Z,4,Channelview,TX,29.7760599,-95.1146533
2016-12-17T00:00:00.000Z,5,Chicago (Fernwood),IL,41.70397535,-87.63910080862382
2016-12-24T00:00:00.000Z,4,Wilson Co.,NC,29.1589961,-98.1251465
2017-01-01T00:00:00.000Z,4,Lexington Co.,SC,33.8986841,-81.275054
2017-01-04T00:00:00.000Z,3,Fontana,CA,34.0922335,-117.435048
2017-01-05T00:00:00.000Z,5,Hubbard,OR,47.1138266,-94.9427679
2017-01-06T00:00:00.000Z,5,Fort Lauderdale,FL,26.1223084,-80.1433786
2017-01-09T00:00:00.000Z,3,Morehead,KY,38.1839705,-83.4326841
2017-01-11T00:00:00.000Z,4,Colorado Springs,CO,38.8339578,-104.825348
2017-01-12T00:00:00.000Z,3,Kansas City,MO,39.100105,-94.5781416
2017-01-16T00:00:00.000Z,3,Capulin,CO,37.2832203,-106.1107298
2017-01-22T00:00:00.000Z,3,Manvel,TX,29.4664706,-95.355714
2017-01-22T00:00:00.000Z,3,Atlanta,GA,33.7489924,-84.3902644
2017-01-27T00:00:00.000Z,3,McAllen,TX,26.204114,-98.2300605
2017-01-29T00:00:00.000Z,3,Bowie,MD,33.4198886,-94.4479626
2017-02-05T00:00:00.000Z,3,Jupiter,FL,26.9342246,-80.0942087
2017-02-06T00:00:00.000Z,4,Yazoo City,MS,32.8550965,-90.4056469
2017-02-07T00:00:00.000Z,4,Morris,OK,33.0738633,-94.7392197
2017-02-09T00:00:00.000Z,4,Jackson,MS,32.3086744,-90.1983063
2017-02-15T00:00:00.000Z,3,Chicago,IL,41.8755616,-87.6244212
2017-02-19T00:00:00.000Z,4,Preston,ID,43.6702423,-92.0832157
2017-02-21T00:00:00.000Z,4,Toomsuba,MS,32.418474,-88.5069819
2017-02-23T00:00:00.000Z,4,Newton,KS,30.8118989,-93.740504
2017-03-06T00:00:00.000Z,4,El Centro,CA,32.792,-115.563051
2017-03-10T00:00:00.000Z,3,New Orleans (Gentilly),LA,30.0156248,-90.0518356
2017-03-10T00:00:00.000Z,3,St. Charles,IL,38.7877791,-90.6747372
2017-03-15T00:00:00.000Z,4,New Orleans (Metairie),LA,29.9833023,-90.11844598682563
2017-03-18T00:00:00.000Z,3,Detroit,MI,42.3315509,-83.0466403
2017-03-22T00:00:00.000Z,5,Rothschild,WI,44.8871907,-89.6201218
2017-03-23T00:00:00.000Z,3,Crowley,LA,38.3394806,-103.8263042
2017-03-23T00:00:00.000Z,4,Waldorf,MD,43.9349223,-93.6974928
2017-03-30T00:00:00.000Z,4,Canton,OH,32.555664,-95.8640507
2017-03-30T00:00:00.000Z,4,Chicago (South Shore),IL,41.7587276,-87.5752828
2017-04-03T00:00:00.000Z,3,Philadelphia,PA,39.9527237,-75.1635262
2017-04-07T00:00:00.000Z,4,St. Paul,MN,44.9497487,-93.0931028
2017-04-07T00:00:00.000Z,3,Hickory,NC,37.959055,-93.3334746
2017-04-07T00:00:00.000Z,5,Houston,TX,29.7589382,-95.3676974
2017-04-10T00:00:00.000Z,3,San Bernardino,CA,34.8253019,-116.0833144
2017-04-30T00:00:00.000Z,4,Topeka,KS,39.049011,-95.677556
2017-05-09T00:00:00.000Z,3,Kansas City,KS,39.100105,-94.5781416
2017-05-12T00:00:00.000Z,4,Kirkersville,OH,39.9595081,-82.5957182
2017-05-16T00:00:00.000Z,3,Ruffin,SC,36.4470802,-79.5438954
2017-05-27T00:00:00.000Z,8,Bogue Chitto,MS,32.834635,-88.9237669544399
2017-06-01T00:00:00.000Z,4,St. Louis,MO,38.6280278,-90.1910154
2017-06-03T00:00:00.000Z,3,New Orleans,LA,29.9759983,-90.0782127
2017-06-03T00:00:00.000Z,3,St. Louis,MO,38.6280278,-90.1910154
2017-06-04T00:00:00.000Z,4,Washington Co.,IN,30.2226352,-96.3936114
2017-06-05T00:00:00.000Z,6,Orlando,FL,28.5421109,-81.3790304
2017-06-05T00:00:00.000Z,3,Sandy,UT,40.5710454,-111.8953815
2017-06-06T00:00:00.000Z,3,Fresno,CA,36.7394421,-119.7848307
2017-06-08T00:00:00.000Z,4,Eaton Twp.,PA,42.554088500000006,-84.76559578948317
2017-06-14T00:00:00.000Z,4,San Francisco,CA,37.7790262,-122.419906
2017-06-15T00:00:00.000Z,5,La Madera,NM,35.222785,-106.3707889
2017-07-03T00:00:00.000Z,3,Prattville,AL,32.4640245,-86.4596966
2017-07-05T00:00:00.000Z,4,Madison,ME,43.074761,-89.3837613
2017-07-12T00:00:00.000Z,4,Gardendale,AL,33.6601033,-86.8127702
2017-07-13T00:00:00.000Z,4,Pickens County,SC,34.4630619,-84.4682402
2017-08-04T00:00:00.000Z,3,Lodge Grass,MT,45.3146237,-107.36367
2017-08-21T00:00:00.000Z,4,Halifax Co.,NC,36.747244,-78.9425634
2017-08-24T00:00:00.000Z,4,Blomington,CA,30.623256,-88.270556
2017-08-25T00:00:00.000Z,4,Glasgow Village,MO,38.753661,-90.1984434
2017-09-03T00:00:00.000Z,3,Lennox,CA,33.9390306,-118.3574427
2017-09-10T00:00:00.000Z,9,Plano,TX,33.0136764,-96.6925096
2017-09-14T00:00:00.000Z,4,Chicago (Brighton Park),IL,41.8189217,-87.6989421
2017-10-01T00:00:00.000Z,3,Lawrence,KS,38.9719384,-95.2359496
2017-10-01T00:00:00.000Z,59,Las Vegas,NV,36.1672559,-115.148516
2017-10-02T00:00:00.000Z,3,Nokomis,FL,27.12327955,-82.43402342848748
2017-10-05T00:00:00.000Z,4,Casa Grande,AZ,32.8795266,-111.757311
2017-10-12T00:00:00.000Z,4,Pedro,OH,28.981648,-82.1198117
2017-10-18T00:00:00.000Z,3,Edgewood,MD,42.6444914,-91.4011118
2017-10-19T00:00:00.000Z,3,Fort Collins,CO,40.5508527,-105.0668085
2017-11-05T00:00:00.000Z,27,Sutherland Springs,TX,29.273321,-98.0570115
2017-11-09T00:00:00.000Z,4,Mapleton,UT,42.1658147,-95.7933336
2017-11-10T00:00:00.000Z,4,Scottsdale,AZ,33.4942189,-111.9260184
2017-11-12T00:00:00.000Z,3,La Grange,NC,29.9080038,-96.8730449
2017-11-14T00:00:00.000Z,6,Corning,CA,42.1435257,-77.0543408
2017-11-24T00:00:00.000Z,3,Osceola Mills,PA,40.8518892,-78.2700257
2017-11-26T00:00:00.000Z,4,Zachary,LA,30.6485191,-91.1564961
2017-12-09T00:00:00.000Z,3,Charlotte,NC,35.2272086,-80.8430827
2017-12-25T00:00:00.000Z,3,Phoenix,AZ,33.4484367,-112.074141
2017-12-31T00:00:00.000Z,4,Long Branch,NJ,40.3042778,-73.9923596
2018-01-05T00:00:00.000Z,4,Santa Clarita,CA,34.3916641,-118.542586
2018-01-07T00:00:00.000Z,4,Redding,CA,40.5863563,-122.391675
2018-01-08T00:00:00.000Z,4,Galvaston,TX,40.5809217,-74.1564348
2018-01-12T00:00:00.000Z,3,Nashville,TN,36.1622767,-86.7742984
2018-01-19T00:00:00.000Z,4,Calhoun Co.,AL,28.5031572,-96.6736551
2018-01-25T00:00:00.000Z,3,Byromville,GA,32.2021071,-83.9085132
2018-01-28T00:00:00.000Z,5,Melcroft,PA,40.0520182,-79.3892016
2018-01-28T00:00:00.000Z,4,Reading,PA,40.335345,-75.9279495
2018-02-08T00:00:00.000Z,3,Lake Worth,FL,32.8048507,-97.44502
2018-02-10T00:00:00.000Z,5,Paintsville,KY,37.8145384,-82.8071054
2018-02-12T00:00:00.000Z,4,Detroit,MI,42.3315509,-83.0466403
2018-02-14T00:00:00.000Z,17,Parkland,FL,26.3100794,-80.23727
2018-02-16T00:00:00.000Z,4,Keego Harbor,MI,42.6080884,-83.3438248
2018-02-21T00:00:00.000Z,3,Phoenix,AZ,33.4484367,-112.074141
2018-02-26T00:00:00.000Z,5,Detroit,MI,42.3315509,-83.0466403
2018-03-09T00:00:00.000Z,3,Wadesboro,NC,34.9681767,-80.07674
2018-03-09T00:00:00.000Z,4,Yountville,CA,38.4022008,-122.359506
2018-03-13T00:00:00.000Z,4,Spanaway,WA,47.0979462,-122.4243422
2018-03-14T00:00:00.000Z,4,Brooklyn,NY,40.6526006,-73.9497211
2018-04-01T00:00:00.000Z,3,Tulsa,OK,36.1563122,-95.9927516
2018-04-05T00:00:00.000Z,3,Dawsonville,GA,34.4212053,-84.1190804
2018-04-10T00:00:00.000Z,4,Branson,MO,36.6411357,-93.2175285
2018-04-18T00:00:00.000Z,4,West Ashville,NC,39.7181083,-82.96015017408178
2018-04-22T00:00:00.000Z,4,Antioch,TN,36.0600602,-86.6722192
2018-04-25T00:00:00.000Z,3,Spanish Lake,MO,38.7877405,-90.2150513
2018-05-03T00:00:00.000Z,4,Grand Forks,ND,47.9078244,-97.0592028
2018-05-07T00:00:00.000Z,4,Brookeville,MD,39.1803067,-77.0584474
2018-05-13T00:00:00.000Z,3,Stockton,CA,37.9577016,-121.2907796
2018-05-16T00:00:00.000Z,5,Ponder,TX,33.1828974,-97.2872403
2018-05-18T00:00:00.000Z,10,Santa Fe,TX,35.6876096,-105.938456
2018-05-28T00:00:00.000Z,4,Murfreesboro,TN,35.8460396,-86.3921096
2018-05-31T00:00:00.000Z,3,Timmonsville,SC,34.1348782,-79.9397885
2018-06-05T00:00:00.000Z,3,Jacksonville,FL,30.3321838,-81.655651
2018-06-10T00:00:00.000Z,4,Parkville,MO,39.3868522,-76.55086176363942
2018-06-11T00:00:00.000Z,5,Orlando,FL,28.5421109,-81.3790304
2018-06-18T00:00:00.000Z,3,Bloomington,IL,39.1670396,-86.5342881
2018-06-28T00:00:00.000Z,5,Annapolis,MD,38.9786401,-76.492786
2018-07-01T00:00:00.000Z,4,Ardmore,AL,34.1742611,-97.1436254
2018-07-05T00:00:00.000Z,3,Los Angeles,CA,34.0536909,-118.242766
2018-07-07T00:00:00.000Z,3,Wetumpka,AL,32.5437448,-86.2119127
2018-07-09T00:00:00.000Z,5,Prices Corner,DE,39.737057,-75.6221495
2018-07-27T00:00:00.000Z,5,Robstown,TX,27.7903032,-97.6688843
2018-07-28T00:00:00.000Z,3,New Orleans,LA,29.9759983,-90.0782127
2018-07-30T00:00:00.000Z,4,Queens,NY,40.7135078,-73.8283132
2018-08-11T00:00:00.000Z,4,Clearlake,CA,38.9582307,-122.626372
2018-08-26T00:00:00.000Z,3,Jacksonville,FL,30.3321838,-81.655651
2018-08-30T00:00:00.000Z,3,Port Wentworth,GA,32.149092,-81.1631681
2018-09-06T00:00:00.000Z,4,Cincinnati,OH,39.1014537,-84.5124602
2018-09-12T00:00:00.000Z,6,Bakersfield,CA,35.3738712,-119.0194639
2018-09-16T00:00:00.000Z,4,Silver Spring,MD,38.9997621,-77.02403709829767
2018-09-20T00:00:00.000Z,4,Aberdeen,MD,46.975371,-123.815722
2018-09-21T00:00:00.000Z,4,Henderson,NV,32.182598,-95.7893178
2018-09-24T00:00:00.000Z,3,Memphis,TN,35.1460249,-90.0517638
2018-10-07T00:00:00.000Z,3,Raytown,MO,39.0089226,-94.4622103
2018-10-10T00:00:00.000Z,4,Rochester,NY,43.157285,-77.615214
2018-10-13T00:00:00.000Z,4,Taft,TX,35.1424671,-119.456507
2018-10-14T00:00:00.000Z,3,Las Vegas,NV,36.1672559,-115.148516
2018-10-15T00:00:00.000Z,5,Columbia,TN,34.0007493,-81.0343313
2018-10-27T00:00:00.000Z,11,Pittsburgh,PA,40.4416941,-79.9900861
2018-11-02T00:00:00.000Z,3,Tallahassee,FL,30.4380832,-84.2809332
2018-11-06T00:00:00.000Z,3,San Antonio,TX,29.4246002,-98.4951405
2018-11-07T00:00:00.000Z,13,Thousand Oaks,CA,34.1705609,-118.8375937
2018-11-11T00:00:00.000Z,3,Globe,AZ,41.9903762,-71.523673
2018-11-12T00:00:00.000Z,3,Smithfield,NC,35.5085531,-78.33936
2018-11-14T00:00:00.000Z,3,Baton Rouge,LA,30.4507936,-91.1391153
2018-11-16T00:00:00.000Z,3,Little Rock,AR,34.7465071,-92.2896267
2018-11-19T00:00:00.000Z,4,Philadelphia,PA,39.9527237,-75.1635262
2018-11-19T00:00:00.000Z,4,Chicago,IL,41.8755616,-87.6244212
2018-11-22T00:00:00.000Z,3,Fort Wayne,IN,41.0799898,-85.1386015
2018-12-16T00:00:00.000Z,4,Miami-Dade,FL,25.6364246,-80.4989467
2018-12-19T00:00:00.000Z,4,Hillsborough,FL,27.9184543,-82.3488057
2018-12-20T00:00:00.000Z,3,Temple,TX,31.098207,-97.3427847
2018-12-29T00:00:00.000Z,4,St. Charles,MO,38.7877791,-90.6747372
2018-12-31T00:00:00.000Z,3,Cleveland,OH,41.4996574,-81.6936772
2019-12-30T00:00:00.000Z,3,Baltimore,MD,39.2908816,-76.610759
2019-12-25T00:00:00.000Z,4,Rio Rancho,NM,35.269381,-106.632819
2019-12-17T00:00:00.000Z,4,Great Falls,MT,47.5048851,-111.29189
2019-12-14T00:00:00.000Z,3,Ontario,CA,34.065846,-117.6484304
2019-12-10T00:00:00.000Z,4,Edinburg,TX,26.3013982,-98.1624501
2019-12-10T00:00:00.000Z,6,Jersey City,NJ,40.7215682,-74.047455
2019-12-06T00:00:00.000Z,4,Pensacola,FL,30.421309,-87.2169149
2019-12-05T00:00:00.000Z,4,Coral Gables,FL,25.72149,-80.2683838
2019-12-01T00:00:00.000Z,4,Minneapolis,MN,44.9772995,-93.2654692
2019-11-17T00:00:00.000Z,4,Fresno,CA,36.7394421,-119.7848307
2019-11-16T00:00:00.000Z,6,San Diego,CA,32.7174202,-117.1627728
2019-11-14T00:00:00.000Z,3,Santa Clarita,CA,34.3916641,-118.542586
2019-10-31T00:00:00.000Z,5,Orinda,CA,37.8771476,-122.1796888
2019-10-30T00:00:00.000Z,4,Deer Park,TX,42.1608585,-88.0814651
2019-10-30T00:00:00.000Z,4,Philadelphia,PA,39.9527237,-75.1635262
2019-10-29T00:00:00.000Z,3,Long Beach,CA,33.7690164,-118.191604
2019-10-22T00:00:00.000Z,3,Burke,VA,35.7270403,-81.6632108
2019-10-14T00:00:00.000Z,3,Philadelphia,PA,39.9527237,-75.1635262
2019-10-12T00:00:00.000Z,5,Chicago,IL,41.8755616,-87.6244212
2019-10-12T00:00:00.000Z,4,Brooklyn,NY,40.6526006,-73.9497211
2019-10-07T00:00:00.000Z,5,Abington,MA,40.1206656,-75.1179512
2019-10-06T00:00:00.000Z,4,Kansas City,KS,39.100105,-94.5781416
2019-10-05T00:00:00.000Z,4,Lawton,OK,34.6086854,-98.3903305
2019-09-29T00:00:00.000Z,4,Beaumont,TX,30.0860459,-94.1018461
2019-09-27T00:00:00.000Z,3,Seaman,OH,38.942014,-83.5724181
2019-09-21T00:00:00.000Z,4,Cleveland,OH,41.4996574,-81.6936772
2019-09-21T00:00:00.000Z,4,Joliet,IL,41.5263603,-88.0840212
2019-09-18T00:00:00.000Z,3,Chicago (West Garfield Park),IL,41.8805878,-87.7292227
2019-09-12T00:00:00.000Z,4,Albuquerque,NM,35.0841034,-106.650985
2019-09-07T00:00:00.000Z,3,Whiteville,NC,34.3387802,-78.7030721
2019-09-02T00:00:00.000Z,5,Elkmont,AL,34.9289743,-86.9738959
2019-08-31T00:00:00.000Z,8,Odessa,TX,31.8457149,-102.367687
2019-08-26T00:00:00.000Z,4,Pembroke Pines,FL,26.0031465,-80.223937
2019-08-25T00:00:00.000Z,3,Hobbs,NM,32.707667,-103.1311314
2019-08-23T00:00:00.000Z,3,Houston,TX,29.7589382,-95.3676974
2019-08-12T00:00:00.000Z,3,Hickory,NC,37.959055,-93.3334746
2019-08-06T00:00:00.000Z,4,Stone Mountain,GA,33.8062166,-84.1457505
2019-08-05T00:00:00.000Z,4,San Antonio,TX,29.4246002,-98.4951405
2019-08-04T00:00:00.000Z,10,Dayton,OH,39.7589478,-84.1916069
2019-08-03T00:00:00.000Z,23,El Paso,TX,31.7550511,-106.4882345
2019-08-02T00:00:00.000Z,3,Pomfret,MD,41.8975977,-71.9625736
2019-07-31T00:00:00.000Z,3,Elkhart,IN,41.6012796,-85.8590603
2019-07-30T00:00:00.000Z,3,Rosenberg,TX,29.5571825,-95.8085623
2019-07-28T00:00:00.000Z,5,Lake Hallie,WI,44.8827276,-91.4327558
2019-07-28T00:00:00.000Z,4,Gilroy,CA,37.0065078,-121.5631723
2019-07-25T00:00:00.000Z,3,Albemarle,NC,38.0085107,-78.6086754
2019-07-25T00:00:00.000Z,4,Los Angeles,CA,34.0536909,-118.242766
2019-07-06T00:00:00.000Z,5,St. Louis Co.,MO,38.6398744,-90.51881277501238
2019-07-05T00:00:00.000Z,4,Gravette ,AR,36.4208054,-94.4526535
2019-06-23T00:00:00.000Z,5,San Jose,CA,37.3361663,-121.890591
2019-06-23T00:00:00.000Z,3,Abbeville,SC,34.2264946,-82.4364036
2019-06-21T00:00:00.000Z,5,Santa Maria,CA,34.9531295,-120.435857
2019-06-15T00:00:00.000Z,4,Des Moines,IA,41.5910323,-93.6046655
2019-06-14T00:00:00.000Z,4,Wyalusing,PA,42.9438751,-91.1415183
2019-06-08T00:00:00.000Z,5,White Swan,WA,46.3829037,-120.73118
2019-05-31T00:00:00.000Z,13,Virginia Beach,VA,36.8529841,-75.9774183
2019-05-29T00:00:00.000Z,3,Cleveland,TX,41.4996574,-81.6936772
2019-05-25T00:00:00.000Z,3,Detroit,MI,42.3315509,-83.0466403
2019-05-13T00:00:00.000Z,4,St. Louis,MO,38.6280278,-90.1910154
2019-04-28T00:00:00.000Z,4,West Chester,OH,39.9597213,-75.6059638
2019-04-22T00:00:00.000Z,4,Fort Worth,TX,32.753177,-97.3327459
2019-04-17T00:00:00.000Z,3,London,OH,37.1289771,-84.0832646
2019-04-12T00:00:00.000Z,3,Phoenix,AZ,33.4484367,-112.074141
2019-04-04T00:00:00.000Z,3,Stockbridge,GA,33.5442781,-84.2338093
2019-02-28T00:00:00.000Z,4,Joliet,IL,41.5263603,-88.0840212
2019-02-18T00:00:00.000Z,4,Cedar Springs,MI,43.22336,-85.551424
2019-02-16T00:00:00.000Z,4,Clinton,MS,38.5896187,-89.420064
2019-02-15T00:00:00.000Z,3,Nevis,MN,46.9651482,-94.8395533
2019-02-15T00:00:00.000Z,6,Aurora,IL,41.7571701,-88.3147539
2019-02-11T00:00:00.000Z,5,Blanchard,TX,40.5791636,-95.2217058
2019-02-03T00:00:00.000Z,4,Palm Springs,CA,33.772179449999996,-116.49529769683983
2019-01-26T00:00:00.000Z,5,Livingston Parish,LA,30.4158699,-90.7189344
2019-01-24T00:00:00.000Z,4,Rockmart,GA,34.0026005,-85.0416133
2019-01-24T00:00:00.000Z,4,State College,PA,40.7944504,-77.8616386
2019-01-23T00:00:00.000Z,5,Sebring,FL,27.4957453,-81.4410425
2019-01-19T00:00:00.000Z,3,Houston,TX,29.7589382,-95.3676974
2019-01-19T00:00:00.000Z,3,Jacksonville,FL,30.3321838,-81.655651
2019-01-17T00:00:00.000Z,3,Owensboro,KY,37.7742152,-87.1133304
2019-01-16T00:00:00.000Z,3,Palmdale,CA,34.5793131,-118.1171108
2019-01-04T00:00:00.000Z,3,Hurt,VA,37.0926426,-79.2964125
2019-01-04T00:00:00.000Z,3,Torrance,CA,33.8358492,-118.3406288
2020-12-30T00:00:00.000Z,4,Houston,TX,29.7589382,-95.3676974
2020-12-26T00:00:00.000Z,3,Rockford,IL,42.2713945,-89.093966
2020-12-26T00:00:00.000Z,5,Atkins,AR,41.9968696,-91.8619127
2020-12-22T00:00:00.000Z,5,Meridian,MS,32.3643098,-88.703656
2020-12-20T00:00:00.000Z,4,Mayfield,KY,36.7413624,-88.6352595
2020-12-13T00:00:00.000Z,4,Elkview,WV,38.43111865,-81.47562688489583
2020-12-08T00:00:00.000Z,6,Williamsburg,WV,37.2708788,-76.7074042
2020-11-20T00:00:00.000Z,3,Elberta,MI,30.4144143,-87.5981531
2020-11-20T00:00:00.000Z,4,Marion,VA,32.7931661,-94.344488
2020-11-18T00:00:00.000Z,3,Houston,TX,29.7589382,-95.3676974
2020-11-14T00:00:00.000Z,3,Sumter,SC,28.6689748,-82.076402
2020-11-10T00:00:00.000Z,3,Oklahoma City,OK,35.4729886,-97.5170536
2020-11-05T00:00:00.000Z,3,Toledo,OH,41.6529143,-83.5378173
2020-11-03T00:00:00.000Z,4,Henderson,NV,32.182598,-95.7893178
2020-10-31T00:00:00.000Z,3,Pittsburgh,PA,40.4416941,-79.9900861
2020-10-20T00:00:00.000Z,3,Houston,TX,29.7589382,-95.3676974
2020-10-16T00:00:00.000Z,3,Orlando,FL,28.5421109,-81.3790304
2020-10-04T00:00:00.000Z,3,Indianapolis,IN,39.7683331,-86.1583502
2020-09-28T00:00:00.000Z,3,Salem,OR,44.9391565,-123.033121
2020-09-13T00:00:00.000Z,3,Manchester,TN,42.9956397,-71.4547891
2020-09-10T00:00:00.000Z,3,New Orleans,LA,29.9759983,-90.0782127
2020-09-07T00:00:00.000Z,7,Aguanga,CA,33.4428094,-116.8650235
2020-09-06T00:00:00.000Z,4,Bloomington,IN,39.1670396,-86.5342881
2020-08-26T00:00:00.000Z,3,Pontiac,MI,42.6389216,-83.2910468
2020-08-17T00:00:00.000Z,3,Dayton,TX,39.7589478,-84.1916069
2020-08-15T00:00:00.000Z,4,Belleville,MI,38.5200504,-89.9839935
2020-07-29T00:00:00.000Z,5,Elyria,OH,41.3673191,-82.1073583
2020-07-29T00:00:00.000Z,3,St. Louis,MO,38.6280278,-90.1910154
2020-07-19T00:00:00.000Z,3,Detroit,MI,42.3315509,-83.0466403
2020-07-10T00:00:00.000Z,3,Union City,GA,37.5963232,-122.0816297
2020-07-08T00:00:00.000Z,4,Paterson,NJ,40.9167654,-74.171811
2020-07-06T00:00:00.000Z,3,Port St. Lucie,FL,27.2939333,-80.3503283
2020-07-04T00:00:00.000Z,4,Chicago (Englewood),IL,41.7797559,-87.6458836
2020-06-27T00:00:00.000Z,3,Blytheville,AR,35.9288199,-89.9073557
2020-06-27T00:00:00.000Z,3,Orrum,NC,34.4658861,-79.0090289
2020-06-26T00:00:00.000Z,4,Springfield,IL,39.7990175,-89.6439575
2020-06-22T00:00:00.000Z,4,Charlotte,NC,35.2272086,-80.8430827
2020-06-11T00:00:00.000Z,6,Monroe,LA,38.2722313,-90.1792484
2020-06-04T00:00:00.000Z,7,Valhermoso Springs,AL,34.5012035,-86.6858295
2020-05-27T00:00:00.000Z,3,Greensburg,LA,40.3014581,-79.5389289
2020-05-26T00:00:00.000Z,3,Bowman,SC,46.1010498,-103.5086625
2020-05-24T00:00:00.000Z,3,Danville,AL,40.125222,-87.6304614
2020-05-20T00:00:00.000Z,3,Houston,TX,29.7589382,-95.3676974
2020-05-17T00:00:00.000Z,4,Saint Matthews,SC,38.2528489,-85.6557947
2020-05-06T00:00:00.000Z,3,Houston,TX,29.7589382,-95.3676974
2020-04-28T00:00:00.000Z,4,Sweet Home,OR,44.3976247,-122.736195
2020-04-27T00:00:00.000Z,4,San Antonio,TX,29.4246002,-98.4951405
2020-04-27T00:00:00.000Z,5,Milwaukee,WI,43.0349931,-87.922497
2020-04-24T00:00:00.000Z,3,Houston,TX,29.7589382,-95.3676974
2020-04-10T00:00:00.000Z,4,Cincinnati,OH,39.1014537,-84.5124602
2020-04-07T00:00:00.000Z,4,Menifee,CA,37.9357602,-83.6014187
2020-04-06T00:00:00.000Z,4,Haines City,FL,28.1067315,-81.6287423
2020-04-01T00:00:00.000Z,3,Bethany,OK,40.2683344,-94.0282861
2020-03-31T00:00:00.000Z,3,Macon,GA,32.8406946,-83.6324022
2020-03-16T00:00:00.000Z,7,Moncure,NC,35.6224994,-79.0783143
2020-03-15T00:00:00.000Z,5,Springfield,MO,39.7990175,-89.6439575
2020-03-10T00:00:00.000Z,4,Dallas,TX,32.7762719,-96.7968559
2020-03-08T00:00:00.000Z,4,Sugar Land,TX,29.6196787,-95.6349463
2020-03-04T00:00:00.000Z,4,Reno,NV,39.5261206,-119.8126581
2020-02-26T00:00:00.000Z,6,Milwaukee,WI,43.0349931,-87.922497
2020-02-23T00:00:00.000Z,3,Clarkton,NC,36.4517276,-89.9670353
2020-02-20T00:00:00.000Z,4,Orlando,FL,28.5421109,-81.3790304
2020-02-09T00:00:00.000Z,3,Youngstown,OH,41.1035786,-80.6520161
2020-02-05T00:00:00.000Z,4,Indianapolis,IN,39.7683331,-86.1583502
2020-02-03T00:00:00.000Z,3,Machias,ME,44.715514,-67.461548
2020-02-01T00:00:00.000Z,4,Spearsville,LA,32.9359723,-92.6051518
2020-01-26T00:00:00.000Z,3,Newburgh,NY,41.5034271,-74.0104179
2020-01-26T00:00:00.000Z,3,Hartsville,SC,42.2470149,-77.6938807
2020-01-24T00:00:00.000Z,5,Vanceboro,NC,45.5634998,-67.4297657
2020-01-17T00:00:00.000Z,4,Grantsville,UT,38.9234195,-81.0959456
2020-01-01T00:00:00.000Z,3,St Louis,MO,38.6280278,-90.1910154
2021-12-31T00:00:00.000Z,4,Gulfport,MS,30.3674198,-89.0928155
2021-12-27T00:00:00.000Z,6,Denver,CO,39.7392364,-104.984862
2021-12-26T00:00:00.000Z,3,Garland,TX,32.912624,-96.6388833
2021-12-22T00:00:00.000Z,4,Lithopolis,OH,39.8098246,-82.81600577806213
2021-12-08T00:00:00.000Z,4,Milwaukee,WI,43.0349931,-87.922497
2021-12-02T00:00:00.000Z,3,Elizabeth City,NC,36.2956836,-76.2247697
2021-11-30T00:00:00.000Z,4,Rex,GA,34.8520565,-79.04841761990687
2021-11-30T00:00:00.000Z,4,Taylor,TX,32.2793121,-99.8812612
2021-11-30T00:00:00.000Z,4,Oxford,MI,34.3663773,-89.5187664
2021-11-29T00:00:00.000Z,4,Fort Wayne,IN,41.0799898,-85.1386015
2021-11-28T00:00:00.000Z,5,Lancaster,CA,40.03813,-76.3056686
2021-11-26T00:00:00.000Z,3,Nashville,TN,36.1622767,-86.7742984
2021-11-18T00:00:00.000Z,4,Smithburg,MD,40.2090006,-74.352926
2021-11-14T00:00:00.000Z,3,Baltimore,MD,39.2908816,-76.610759
2021-11-14T00:00:00.000Z,4,Tucson,AZ,32.2228765,-110.9748477
2021-11-09T00:00:00.000Z,3,Scotland,SD,34.8628902,-79.4903372
2021-11-08T00:00:00.000Z,3,Victoria,TX,28.8026443,-96.9766308
2021-11-03T00:00:00.000Z,3,Norfolk,VA,36.8448348,-76.2863999
2021-10-30T00:00:00.000Z,4,Gleneagle,CO,39.04215095,-104.8281014431371
2021-10-25T00:00:00.000Z,3,Boise,ID,43.6008183,-116.24210864118032
2021-10-21T00:00:00.000Z,4,Tacoma,WA,47.2455013,-122.438329
2021-10-21T00:00:00.000Z,3,Superior,NE,46.7207737,-92.1040796
2021-10-20T00:00:00.000Z,4,Clare Co. (Farwell),MI,43.835025,-84.866967
2021-10-19T00:00:00.000Z,3,Kenosha,WI,42.5846773,-87.8212263
2021-10-17T00:00:00.000Z,3,Jackson,MS,32.3086744,-90.1983063
2021-10-12T00:00:00.000Z,3,Meridian,MS,32.3643098,-88.703656
2021-10-07T00:00:00.000Z,3,Milwaukee (Cherry St),WI,42.9197713,-87.8727917
2021-09-26T00:00:00.000Z,3,Des Moines,WA,41.5910323,-93.6046655
2021-09-25T00:00:00.000Z,4,Athens (Riceville),TN,35.4456357,-84.612896
2021-09-24T00:00:00.000Z,4,Phenix City,AL,32.4709761,-85.0007653
2021-09-24T00:00:00.000Z,4,Aiken,SC,33.5723191,-81.6182086
2021-09-16T00:00:00.000Z,4,Ingleside,TX,27.876615,-97.2098831
2021-09-12T00:00:00.000Z,4,St. Paul,MN,44.9497487,-93.0931028
2021-09-07T00:00:00.000Z,4,Avon Lake,OH,41.510033,-82.0185895
2021-09-05T00:00:00.000Z,4,Houston,TX,29.7589382,-95.3676974
2021-09-05T00:00:00.000Z,4,Lakeland,FL,28.0394654,-81.9498042
2021-09-04T00:00:00.000Z,3,Washington,DC,38.8950368,-77.0365427
2021-08-30T00:00:00.000Z,3,Coconut Creek,FL,26.2517482,-80.1789351
2021-08-30T00:00:00.000Z,3,Normal,IL,40.5092961,-88.9843937
2021-08-25T00:00:00.000Z,4,West Richland,WA,46.3003915,-119.347312
2021-08-23T00:00:00.000Z,3,Mink Shoals,WV,38.3943163,-81.5871449
2021-08-20T00:00:00.000Z,3,Phoenix,AZ,33.4484367,-112.074141
2021-08-15T00:00:00.000Z,3,San Antonio,TX,29.4246002,-98.4951405
2021-08-08T00:00:00.000Z,3,Brooklyn,NY,40.6526006,-73.9497211
2021-08-02T00:00:00.000Z,3,Greenwood Co.,SC,37.8709542,-96.2471338
2021-07-29T00:00:00.000Z,3,Pittsburgh (Mount Lebanon),PA,40.378074749999996,-80.04642041328036
2021-07-26T00:00:00.000Z,4,Wilmington,DE,39.7459468,-75.546589
2021-07-25T00:00:00.000Z,4,Houston,TX,29.7589382,-95.3676974
2021-07-25T00:00:00.000Z,5,Wasco,CA,45.0430227,-121.2154207
2021-07-18T00:00:00.000Z,3,Houston,TX,29.7589382,-95.3676974
2021-07-18T00:00:00.000Z,4,Tucson,AZ,32.2228765,-110.9748477
2021-07-12T00:00:00.000Z,3,Castroville,CA,29.3565001,-98.8788844
2021-07-04T00:00:00.000Z,3,Dallas (Towns St),TX,32.916675,-96.7590272
2021-07-03T00:00:00.000Z,3,Chadbourn,NC,34.3221129,-78.8269664
2021-06-30T00:00:00.000Z,4,Lenoir,NC,35.2590371,-77.6484879
2021-06-30T00:00:00.000Z,3,Houston,TX,29.7589382,-95.3676974
2021-06-27T00:00:00.000Z,3,Memphis,TN,35.1460249,-90.0517638
2021-06-21T00:00:00.000Z,3,St. Louis,MO,38.6280278,-90.1910154
2021-06-20T00:00:00.000Z,4,Stark Co.,OH,41.0712135,-89.8066831
2021-06-20T00:00:00.000Z,3,Richmond,CA,37.5385087,-77.43428
2021-06-15T00:00:00.000Z,3,Cedar Rapids,IA,41.9758872,-91.6704053
2021-06-15T00:00:00.000Z,3,Albertville,AL,34.2675937,-86.2088669
2021-06-15T00:00:00.000Z,5,Chicago (Englewood),IL,41.7797559,-87.6458836
2021-06-12T00:00:00.000Z,3,Cleveland,OH,41.4996574,-81.6936772
2021-06-06T00:00:00.000Z,3,Homestead,FL,25.4718946,-80.4759905
2021-06-06T00:00:00.000Z,4,Portland,OR,45.5202471,-122.674194
2021-06-06T00:00:00.000Z,3,Miami (Kendall),FL,25.6718125,-80.35486075316194
2021-05-30T00:00:00.000Z,3,Hialeah,FL,25.8575963,-80.2781057
2021-05-28T00:00:00.000Z,3,Windsor Locks,CT,41.9281305,-72.643631
2021-05-26T00:00:00.000Z,10,San Jose,CA,37.3361663,-121.890591
2021-05-26T00:00:00.000Z,3,Arlington,TX,32.7355816,-97.1071186
2021-05-24T00:00:00.000Z,4,West Jefferson,OH,33.6492731,-87.0686089
2021-05-23T00:00:00.000Z,3,Youngstown,OH,41.1035786,-80.6520161
2021-05-22T00:00:00.000Z,3,Bridgeton,NJ,38.7566055,-90.42352
2021-05-19T00:00:00.000Z,4,McHenry,KY,42.3294391,-88.4605713
2021-05-16T00:00:00.000Z,3,Birmingham,AL,33.5206824,-86.8024326
2021-05-15T00:00:00.000Z,3,Garfield Heights,OH,41.4169974,-81.6059581
2021-05-10T00:00:00.000Z,3,Maryland City,MD,39.096450000000004,-76.80489127498767
2021-05-09T00:00:00.000Z,7,Colorado Springs,CO,38.8339578,-104.825348
2021-05-08T00:00:00.000Z,4,Gwynn Oak (Woodlawn),MD,39.3229108,-76.7180811
2021-05-03T00:00:00.000Z,4,Biloxi,MS,30.4007626,-88.8893818
2021-05-02T00:00:00.000Z,3,Miami,FL,25.7741728,-80.19362
2021-05-01T00:00:00.000Z,3,Green Bay (Ashwaubenon),WI,44.47848805,-88.14362007159838
2021-04-28T00:00:00.000Z,5,Watauga Co. (Boone),NC,36.2165362,-81.6746158
2021-04-27T00:00:00.000Z,3,Los Angeles (Fullerton),CA,34.1321705,-118.12929705678386
2021-04-25T00:00:00.000Z,3,Phoenix,AZ,33.4484367,-112.074141
2021-04-18T00:00:00.000Z,4,Van Buren,AR,40.749202,-91.9689529
2021-04-18T00:00:00.000Z,3,Kenosha,WI,42.5846773,-87.8212263
2021-04-15T00:00:00.000Z,9,Indianapolis,IN,39.7683331,-86.1583502
2021-04-07T00:00:00.000Z,7,Rock Hill,SC,34.9248667,-81.0250784
2021-04-05T00:00:00.000Z,4,New York (Brooklyn),NY,40.6526006,-73.9497211
2021-04-03T00:00:00.000Z,6,Allen,TX,40.8077797,-84.0572225
2021-04-03T00:00:00.000Z,3,Wilmington,NC,39.7459468,-75.546589
2021-03-31T00:00:00.000Z,4,Orange,CA,33.7500378,-117.8704931
2021-03-28T00:00:00.000Z,5,Essex,MD,44.0638879,-73.7542043
2021-03-26T00:00:00.000Z,3,Memphis,TN,35.1460249,-90.0517638
2021-03-22T00:00:00.000Z,10,Boulder,CO,40.0149856,-105.270545
2021-03-16T00:00:00.000Z,4,Phoenix,AZ,33.4484367,-112.074141
2021-03-16T00:00:00.000Z,4,Atlanta,GA,33.7489924,-84.3902644
2021-03-16T00:00:00.000Z,4,Acworth,GA,34.0659329,-84.6768796
2021-03-13T00:00:00.000Z,4,Indianapolis,IN,39.7683331,-86.1583502
2021-03-10T00:00:00.000Z,3,Houston,TX,29.7589382,-95.3676974
2021-03-08T00:00:00.000Z,3,Mesa,AZ,33.4151005,-111.831455
2021-03-05T00:00:00.000Z,4,Florissant,MO,38.7919683,-90.3227803
2021-02-28T00:00:00.000Z,3,Cincinnati,OH,39.1014537,-84.5124602
2021-02-20T00:00:00.000Z,3,Metairie,LA,29.9899926,-90.1505426
2021-02-18T00:00:00.000Z,4,Fayette Co.,TN,29.8381635,-96.9559692
2021-02-16T00:00:00.000Z,3,St. Petersburg,FL,27.7703796,-82.6695085
2021-02-05T00:00:00.000Z,3,Benoit (Bolivar),MS,33.6515013,-91.0095508
2021-02-03T00:00:00.000Z,4,Colorado Springs,CO,38.8339578,-104.825348
2021-02-03T00:00:00.000Z,3,Oak Creek,CO,42.8858503,-87.8631362
2021-02-02T00:00:00.000Z,3,Fort Lauderdale (Sunrise),FL,26.1400102,-80.1356808
2021-02-02T00:00:00.000Z,6,Muskogee,OK,35.6630196,-95.3927706
2021-01-24T00:00:00.000Z,4,West Chester,PA,39.9597213,-75.6059638
2021-01-24T00:00:00.000Z,6,Indianapolis,IN,39.7683331,-86.1583502
2021-01-18T00:00:00.000Z,3,Yadkin Co.,NC,36.1497114,-80.67623
2021-01-13T00:00:00.000Z,3,Schodack,NY,42.531389,-73.692778
2021-01-09T00:00:00.000Z,6,Evanston,IL,42.0447388,-87.6930459
2021-01-06T00:00:00.000Z,3,Manassas,VA,38.7509488,-77.4752667
2022-12-11T00:00:00.000Z,3,Chicago,IL,41.8755616,-87.6244212
2022-12-06T00:00:00.000Z,3,Macon,GA,32.8406946,-83.6324022
2022-12-03T00:00:00.000Z,4,Louisville,KY,38.2542376,-85.759407
2022-11-22T00:00:00.000Z,7,Chesapeake,VA,36.7183708,-76.2466798
2022-11-20T00:00:00.000Z,4,Hennessey,OK,36.1098677,-97.898657
2022-11-19T00:00:00.000Z,5,Colorado Springs,CO,38.8339578,-104.825348
2022-11-18T00:00:00.000Z,4,Chester,VA,39.9829308,-75.7652424
2022-11-13T00:00:00.000Z,3,Charlottesville,VA,38.029306,-78.4766781
2022-11-05T00:00:00.000Z,4,Unityville,PA,41.2331391,-76.5157822
2022-11-04T00:00:00.000Z,5,La Plata,MD,37.2889732,-107.8539029
2022-11-04T00:00:00.000Z,4,Orlando,FL,28.5421109,-81.3790304
2022-10-30T00:00:00.000Z,4,Aurora,CO,41.7571701,-88.3147539
2022-10-27T00:00:00.000Z,8,Broken Arrow,OK,36.0525993,-95.7908195
2022-10-26T00:00:00.000Z,4,Lubbock,TX,33.5634402,-101.8792389
2022-10-24T00:00:00.000Z,3,St. Louis,MO,38.6280278,-90.1910154
2022-10-23T00:00:00.000Z,3,Chicago,IL,41.8755616,-87.6244212
2022-10-21T00:00:00.000Z,6,Hartand,WI,43.0882705,-88.33493706839994
2022-10-17T00:00:00.000Z,4,Woodbridge,VA,38.6361522,-77.26783643292558
2022-10-15T00:00:00.000Z,4,Elyria,OH,41.3673191,-82.1073583
2022-10-15T00:00:00.000Z,3,Pittsburgh,PA,40.4416941,-79.9900861
2022-10-13T00:00:00.000Z,5,Raleigh,NC,35.7803977,-78.6390989
2022-10-12T00:00:00.000Z,3,Williamston,NC,42.689151,-84.2832798
2022-10-12T00:00:00.000Z,3,Bristol,CT,41.7425538,-71.0856545
2022-10-09T00:00:00.000Z,4,Henryetta,OK,35.4396625,-95.9865145
2022-10-09T00:00:00.000Z,5,Inman,SC,38.2319537,-97.7733809
2022-10-07T00:00:00.000Z,4,Fort Worth,TX,32.753177,-97.3327459
2022-10-06T00:00:00.000Z,4,Clarence/Newstead,NY,42.9768372,-78.5930999
2022-10-05T00:00:00.000Z,5,Baytown,TX,29.7355047,-94.9774274
2022-10-04T00:00:00.000Z,4,Lafayette,LA,30.2043259,-92.0298813
2022-10-03T00:00:00.000Z,4,Dos Palos,CA,36.9860582,-120.626572
2022-09-29T00:00:00.000Z,5,McGregor,TX,31.4367029,-97.4080875
2022-09-23T00:00:00.000Z,4,Oak Forest,IL,41.6028116,-87.7439384
2022-09-09T00:00:00.000Z,5,Elk Mills,MD,39.727888,-75.9224428
2022-09-07T00:00:00.000Z,4,Memphis,TN,35.1460249,-90.0517638
2022-09-04T00:00:00.000Z,3,St. Paul,MN,44.9497487,-93.0931028
2022-08-30T00:00:00.000Z,4,Cando,ND,48.486668,-99.209859
2022-08-28T00:00:00.000Z,3,Bend,OR,44.0581728,-121.3153096
2022-08-28T00:00:00.000Z,3,Phoenix,AZ,33.4484367,-112.074141
2022-08-28T00:00:00.000Z,3,Detroit,MI,42.3315509,-83.0466403
2022-08-28T00:00:00.000Z,4,Houston,TX,29.7589382,-95.3676974
2022-08-25T00:00:00.000Z,4,Tucson,AZ,32.2228765,-110.9748477
2022-08-23T00:00:00.000Z,4,Lynn,MA,33.1474257,-101.812592
2022-08-18T00:00:00.000Z,3,Norfolk,VA,36.8448348,-76.2863999
2022-08-06T00:00:00.000Z,4,Oklahoma City,OK,35.4729886,-97.5170536
2022-08-05T00:00:00.000Z,4,Dayton (Butler Twp),OH,39.3781437,-84.3781669
2022-08-04T00:00:00.000Z,4,Laurel,NE,37.1000973,-84.1148273
2022-08-03T00:00:00.000Z,4,Lafollette,TN,36.3828571,-84.1199251
2022-08-02T00:00:00.000Z,5,Orlando,FL,28.5421109,-81.3790304
2022-07-23T00:00:00.000Z,3,Lamar,CO,33.6383552,-95.582343
2022-07-22T00:00:00.000Z,4,Maquoketa,IA,42.0690915,-90.6654748
2022-07-18T00:00:00.000Z,4,Buena Vista,GA,42.7445814,-95.1127525
2022-07-17T00:00:00.000Z,4,Greenwood,IN,37.8709542,-96.2471338
2022-07-16T00:00:00.000Z,4,Houston,TX,29.7589382,-95.3676974
2022-07-11T00:00:00.000Z,4,Houghton Lake,MI,44.3169175,-84.77587891876972
2022-07-10T00:00:00.000Z,3,Downey,CA,33.9404441,-118.1292846
2022-07-05T00:00:00.000Z,3,Gary,IN,41.6020962,-87.3370647
2022-07-04T00:00:00.000Z,7,Highland Park,IL,32.831563,-96.80077329849314
2022-07-03T00:00:00.000Z,3,Surprise,AZ,33.6292271,-112.368018
2022-07-02T00:00:00.000Z,3,Haltom City,TX,32.7995738,-97.2691817
2022-06-30T00:00:00.000Z,3,Allen,KY,40.8077797,-84.0572225
2022-06-23T00:00:00.000Z,3,Green River,WY,41.5290933,-109.466473
2022-06-14T00:00:00.000Z,4,Casselberry,FL,28.6714702,-81.3382005
2022-06-12T00:00:00.000Z,3,Los Angeles,CA,34.0536909,-118.242766
2022-06-11T00:00:00.000Z,4,Covington,GA,39.0836224,-84.508371
2022-06-09T00:00:00.000Z,3,Smithsburg,MD,39.6548186,-77.5727681
2022-06-07T00:00:00.000Z,4,Portsmouth,VA,43.0702223,-70.7548621
2022-06-05T00:00:00.000Z,3,Saginaw,MI,43.4200387,-83.9490365
2022-06-04T00:00:00.000Z,3,Philadelphia,PA,39.9527237,-75.1635262
2022-06-02T00:00:00.000Z,6,Centerville,TX,31.2578221,-95.9785301
2022-06-01T00:00:00.000Z,5,Tulsa,OK,36.1563122,-95.9927516
2022-05-31T00:00:00.000Z,4,Wyoming,MI,43.1700264,-107.568534
2022-05-27T00:00:00.000Z,4,Austin Twp.,MI,43.63823055,-82.93759021724314
2022-05-24T00:00:00.000Z,22,Uvalde,TX,29.300357,-99.7733181
2022-05-22T00:00:00.000Z,4,Pell City,AL,33.5862149,-86.2860888
2022-05-18T00:00:00.000Z,4,Houston,TX,29.7589382,-95.3676974
2022-05-14T00:00:00.000Z,10,Buffalo,NY,42.8867166,-78.8783922
2022-05-08T00:00:00.000Z,3,Clarkston,GA,42.735863,-83.4188304
2022-04-27T00:00:00.000Z,4,Biloxi,MS,30.4007626,-88.8893818
2022-04-26T00:00:00.000Z,3,Rock Hill,SC,34.9248667,-81.0250784
2022-04-21T00:00:00.000Z,4,Stone Co. (Mountain View),AR,35.8684075,-92.1176521
2022-04-20T00:00:00.000Z,5,Duluth,MN,46.7729322,-92.1251218
2022-04-18T00:00:00.000Z,4,Mocksville,NC,35.8940236,-80.5617846
2022-04-10T00:00:00.000Z,3,Cedar Rapids,IA,41.9758872,-91.6704053
2022-04-07T00:00:00.000Z,4,Latimer,MS,34.8759191,-95.2482652
2022-04-03T00:00:00.000Z,6,Sacramento,CA,38.5810606,-121.493895
2022-03-19T00:00:00.000Z,3,Fayetteville,NC,36.0625843,-94.1574328
2022-03-19T00:00:00.000Z,3,Norfolk,VA,36.8448348,-76.2863999
2022-03-12T00:00:00.000Z,3,Baltimore,MD,39.2908816,-76.610759
2022-03-08T00:00:00.000Z,3,Joplin,MO,37.0841838,-94.5133385
2022-02-28T00:00:00.000Z,5,Sacramento,CA,38.5810606,-121.493895
2022-02-24T00:00:00.000Z,4,Granbury,TX,32.4407788,-97.7926088
2022-02-05T00:00:00.000Z,3,Brown Deer,WI,43.1744352,-87.972722
2022-02-05T00:00:00.000Z,6,Corsicana,TX,32.091299,-96.4646821
2022-01-29T00:00:00.000Z,3,St. Louis,MO,38.6280278,-90.1910154
2022-01-28T00:00:00.000Z,4,Goodlettsville,TN,36.334911500000004,-86.70533913302022
2022-01-23T00:00:00.000Z,6,Milwaukee,WI,43.0349931,-87.922497
2022-01-23T00:00:00.000Z,4,Inglewood,CA,33.9562003,-118.353132
2022-01-19T00:00:00.000Z,3,Baltimore,MD,39.2908816,-76.610759
2022-01-15T00:00:00.000Z,3,Wilmington,NC,39.7459468,-75.546589
2022-01-15T00:00:00.000Z,3,Augusta,GA,33.4709714,-81.9748429
2023-05-06T00:00:00.000Z,9,Allen,TX,40.8077797,-84.0572225
2023-05-04T00:00:00.000Z,4,Moultrie,GA,39.6391442,-88.6087498
2023-05-03T00:00:00.000Z,3,Newark,NJ,40.735657,-74.1723667
2023-05-02T00:00:00.000Z,5,Lake Wales,FL,27.9014133,-81.5859099
2023-04-30T00:00:00.000Z,7,Henryetta,OK,35.4396625,-95.9865145
2023-04-30T00:00:00.000Z,4,Mojave,CA,35.01096025,-118.19028326663798
2023-04-28T00:00:00.000Z,5,Cleveland,TX,41.4996574,-81.6936772
2023-04-28T00:00:00.000Z,3,Philadelphia,PA,39.9527237,-75.1635262
2023-04-18T00:00:00.000Z,4,Bowdoin/Yarmouth,ME,43.802134,-70.20066
2023-04-15T00:00:00.000Z,4,Dadeville,AL,32.831238,-85.7635692
2023-04-14T00:00:00.000Z,3,Walker/Montgomery Co.,TX,35.3354199,-80.0442204
2023-04-11T00:00:00.000Z,4,Winston-Salem,NC,36.0998131,-80.2440518
2023-04-10T00:00:00.000Z,6,Louisville,KY,38.2542376,-85.759407
2023-04-09T00:00:00.000Z,3,Orlando,FL,28.5421109,-81.3790304
2023-04-09T00:00:00.000Z,4,Orlando,FL,28.5421109,-81.3790304
2023-04-01T00:00:00.000Z,3,Oklahoma City,OK,35.4729886,-97.5170536
2023-04-01T00:00:00.000Z,3,Baltimore,MD,39.2908816,-76.610759
2023-03-27T00:00:00.000Z,7,Nashville,TN,36.1622767,-86.7742984
2023-03-21T00:00:00.000Z,5,Sumter,SC,28.6689748,-82.076402
2023-03-14T00:00:00.000Z,4,Birmingham,AL,33.5206824,-86.8024326
2023-03-12T00:00:00.000Z,4,Dallas,TX,32.7762719,-96.7968559
2023-03-10T00:00:00.000Z,5,Miami Lakes (Hialeah),FL,25.8965633,-80.3052918571416
2023-03-06T00:00:00.000Z,3,Memphis,TN,35.1460249,-90.0517638
2023-03-06T00:00:00.000Z,3,Sacramento,CA,38.5810606,-121.493895
2023-03-05T00:00:00.000Z,3,Bolingbrook,IL,41.7003302,-88.0717708
2023-03-04T00:00:00.000Z,4,Fish Lake Twp.,MN,45.6008525,-93.08189246027528
2023-03-01T00:00:00.000Z,4,Cocoa,FL,28.3553873,-80.7318827
2023-02-27T00:00:00.000Z,4,New Richmond,OH,38.9486757,-84.2799366
2023-02-22T00:00:00.000Z,3,Orlando (Pine HIlls),FL,28.59086255,-81.44698481267486
2023-02-19T00:00:00.000Z,3,Chicago,IL,41.8755616,-87.6244212
2023-02-19T00:00:00.000Z,4,Linden,NJ,33.0123537,-94.3654707
2023-02-18T00:00:00.000Z,4,Galena Park,TX,29.7335616,-95.2302123
2023-02-13T00:00:00.000Z,4,East Lansing,MI,42.7320307,-84.4721678
2023-02-09T00:00:00.000Z,4,Harvey,LA,38.0352315,-97.4486267
2023-01-28T00:00:00.000Z,3,Los Angeles,CA,34.0536909,-118.242766
2023-01-24T00:00:00.000Z,3,Red Springs,NC,34.815158,-79.1837649
2023-01-24T00:00:00.000Z,4,Yakima,WA,46.601557,-120.510842
2023-01-23T00:00:00.000Z,7,Half Moon Bay,CA,37.4635519,-122.428586
2023-01-23T00:00:00.000Z,3,Dodge City,KS,37.7527982,-100.0170787
2023-01-21T00:00:00.000Z,12,Monterey Park,CA,34.051522,-118.129807
2023-01-19T00:00:00.000Z,4,Murfreesboro,TN,35.8460396,-86.3921096
2023-01-16T00:00:00.000Z,6,Goshen,CA,41.5824086,-85.834366
2023-01-15T00:00:00.000Z,3,Rockford,IL,42.2713945,-89.093966
2023-01-13T00:00:00.000Z,4,Cleveland,OH,41.4996574,-81.6936772
2023-01-09T00:00:00.000Z,3,Philadelphia,PA,39.9527237,-75.1635262
2023-01-07T00:00:00.000Z,5,High Point,NC,35.9556924,-80.0053176
2023-01-06T00:00:00.000Z,3,Dallas,TX,32.7762719,-96.7968559
2023-01-04T00:00:00.000Z,8,Cedar City (Enoch),UT,37.7008899,-113.0858366
